"variable","facet_label","level","display_level","total_n","diabetes_n","diabetes_percentage"
"HighBP","HighBP","0","No",30860,8742,28.3279325988334
"HighBP","HighBP","1","Si",39832,26604,66.7905201847761
"HighChol","HighChol","0","No",33529,11660,34.7758656685258
"HighChol","HighChol","1","Si",37163,23686,63.7354357829023
"BMI_categoriale","BMIcategoriale","sottopeso","Sottopeso",653,169,25.8805513016845
"BMI_categoriale","BMIcategoriale","normopeso","Normopeso",14460,3928,27.16459197787
"BMI_categoriale","BMIcategoriale","sovrappeso","Sovrappeso",24135,10692,44.3008079552517
"BMI_categoriale","BMIcategoriale","obesita","Obesita",31444,20557,65.3765424246279
"GenHlth","GenHlth","1","Excellent",8282,1140,13.7647911132577
"GenHlth","GenHlth","2","Very good",19872,6381,32.1105072463768
"GenHlth","GenHlth","3","Good",23427,13457,57.4422674691595
"GenHlth","GenHlth","4","Fair",13303,9790,73.5924227617831
"GenHlth","GenHlth","5","Poor",5808,4578,78.8223140495868
"Age","Age","1","18-24",979,78,7.96731358529111
"Age","Age","2","25-29",1396,140,10.0286532951289
"Age","Age","3","30-34",2049,314,15.3245485602733
"Age","Age","4","35-39",2793,626,22.4131757966344
"Age","Age","5","40-44",3520,1051,29.8579545454545
"Age","Age","6","45-49",4648,1742,37.4784853700516
"Age","Age","7","50-54",6872,3088,44.9359720605355
"Age","Age","8","55-59",8603,4263,49.5524816924329
"Age","Age","9","60-64",10112,5733,56.6950158227848
"Age","Age","10","65-69",10856,6558,60.4089904200442
"Age","Age","11","70-74",8044,5141,63.9109895574341
"Age","Age","12","75-79",5394,3403,63.0886169818317
"Age","Age","13","80+",5426,3209,59.1411721341688
"DiffWalk","DiffWalk","0","No",52826,22225,42.0720857153674
"DiffWalk","DiffWalk","1","Si",17866,13121,73.4411731781037
"HeartDiseaseorAttack","HeartDiseaseorAttack","0","No",60243,27468,45.5953388775459
"HeartDiseaseorAttack","HeartDiseaseorAttack","1","Si",10449,7878,75.3947746195808
"Smoker","Smoker","0","No",37094,17029,45.9076939666792
"Smoker","Smoker","1","Si",33598,18317,54.5181260789333
"HvyAlcoholConsump","HvyAlcoholConsump","0","No",67672,34514,51.0018914765339
"HvyAlcoholConsump","HvyAlcoholConsump","1","Si",3020,832,27.5496688741722
"NoDocbcCost","NoDocbcCost","0","No",64053,31604,49.3403899895399
"NoDocbcCost","NoDocbcCost","1","Si",6639,3742,56.3639102274439
"CholCheck","CholCheck","0","No",1749,241,13.7793024585477
"CholCheck","CholCheck","1","Si",68943,35105,50.9188750126916
"AnyHealthcare","AnyHealthcare","0","No",3184,1422,44.6608040201005
"AnyHealthcare","AnyHealthcare","1","Si",67508,33924,50.2518220062807
