"from","to"
"Diabetes_binary","HighBP"
"Diabetes_binary","HighChol"
"Diabetes_binary","CholCheck"
"Diabetes_binary","Smoker"
"Diabetes_binary","Stroke"
"Diabetes_binary","HeartDiseaseorAttack"
"Diabetes_binary","HvyAlcoholConsump"
"Diabetes_binary","AnyHealthcare"
"Diabetes_binary","NoDocbcCost"
"Diabetes_binary","GenHlth"
"Diabetes_binary","DiffWalk"
"Diabetes_binary","Age"
"Diabetes_binary","BMI_categoriale"
"HighBP","HighChol"
"HighBP","GenHlth"
"HighBP","Age"
"AnyHealthcare","CholCheck"
"Smoker","HvyAlcoholConsump"
"GenHlth","Smoker"
"HeartDiseaseorAttack","Stroke"
"GenHlth","HeartDiseaseorAttack"
"NoDocbcCost","AnyHealthcare"
"Age","NoDocbcCost"
"GenHlth","DiffWalk"
"GenHlth","BMI_categoriale"
