"score","restart","perturb","seed","objective_value","n_arcs","markov_blanket_size","markov_blanket_variables"
"aic",10,2,123,-802832.820867002,77,17,"Age; AnyHealthcare; BMI_categoriale; CholCheck; DiffWalk; Education; Fruits; GenHlth; HeartDiseaseorAttack; HighBP; HighChol; HvyAlcoholConsump; Income; MentHlth_categoriale; NoDocbcCost; Sex; Smoker"
"aic",10,3,124,-802832.820867002,77,17,"Age; AnyHealthcare; BMI_categoriale; CholCheck; DiffWalk; Education; Fruits; GenHlth; HeartDiseaseorAttack; HighBP; HighChol; HvyAlcoholConsump; Income; MentHlth_categoriale; NoDocbcCost; Sex; Smoker"
"aic",10,4,125,-802791.191443985,78,17,"Age; AnyHealthcare; BMI_categoriale; CholCheck; DiffWalk; Education; Fruits; GenHlth; HeartDiseaseorAttack; HighBP; HighChol; HvyAlcoholConsump; Income; MentHlth_categoriale; NoDocbcCost; Sex; Smoker"
"aic",20,2,126,-802618.571019961,79,17,"Age; AnyHealthcare; BMI_categoriale; CholCheck; DiffWalk; Education; Fruits; GenHlth; HeartDiseaseorAttack; HighBP; HighChol; HvyAlcoholConsump; Income; MentHlth_categoriale; NoDocbcCost; Sex; Smoker"
"aic",20,3,127,-802660.200442977,78,17,"Age; AnyHealthcare; BMI_categoriale; CholCheck; DiffWalk; Education; Fruits; GenHlth; HeartDiseaseorAttack; HighBP; HighChol; HvyAlcoholConsump; Income; MentHlth_categoriale; NoDocbcCost; Sex; Smoker"
"aic",20,4,128,-802762.314617877,77,16,"Age; AnyHealthcare; BMI_categoriale; CholCheck; Education; Fruits; GenHlth; HeartDiseaseorAttack; HighBP; HighChol; HvyAlcoholConsump; Income; MentHlth_categoriale; NoDocbcCost; Sex; Smoker"
"aic",50,2,129,-802618.571019961,79,17,"Age; AnyHealthcare; BMI_categoriale; CholCheck; DiffWalk; Education; Fruits; GenHlth; HeartDiseaseorAttack; HighBP; HighChol; HvyAlcoholConsump; Income; MentHlth_categoriale; NoDocbcCost; Sex; Smoker"
"aic",50,3,130,-802367.900631161,82,18,"Age; AnyHealthcare; BMI_categoriale; CholCheck; DiffWalk; Education; Fruits; GenHlth; HeartDiseaseorAttack; HighBP; HighChol; HvyAlcoholConsump; Income; MentHlth_categoriale; NoDocbcCost; Sex; Smoker; Veggies"
"aic",50,4,131,-802548.064770836,79,17,"Age; AnyHealthcare; BMI_categoriale; CholCheck; DiffWalk; Education; Fruits; GenHlth; HeartDiseaseorAttack; HighBP; HighChol; HvyAlcoholConsump; Income; MentHlth_categoriale; NoDocbcCost; Sex; Smoker"
"aic",100,2,132,-802267.312598784,82,17,"Age; AnyHealthcare; BMI_categoriale; CholCheck; DiffWalk; Education; Fruits; GenHlth; HeartDiseaseorAttack; HighBP; HighChol; HvyAlcoholConsump; Income; MentHlth_categoriale; NoDocbcCost; Sex; Smoker"
"aic",100,3,133,-802439.933022809,81,17,"Age; AnyHealthcare; BMI_categoriale; CholCheck; DiffWalk; Education; Fruits; GenHlth; HeartDiseaseorAttack; HighBP; HighChol; HvyAlcoholConsump; Income; MentHlth_categoriale; NoDocbcCost; Sex; Smoker"
"aic",100,4,134,-802290.481904985,83,18,"Age; AnyHealthcare; BMI_categoriale; CholCheck; DiffWalk; Education; Fruits; GenHlth; HeartDiseaseorAttack; HighBP; HighChol; HvyAlcoholConsump; Income; MentHlth_categoriale; NoDocbcCost; Sex; Smoker; Veggies"
